1,https://testdrive.arista.com/topology?topo=eyJpbnN0YW5jZSI6ICJvbWZhdXRvb25zaXRlLTEtMTdkNDQ1OGMiLCAidG9wb2xvZ3kiOiAiZHVhbC1kYXRhY2VudGVyIn0=
2,https://testdrive.arista.com/topology?topo=eyJpbnN0YW5jZSI6ICJvbWZhdXRvb25zaXRlLTItMTdkNDQ1OGMiLCAidG9wb2xvZ3kiOiAiZHVhbC1kYXRhY2VudGVyIn0=
3,https://testdrive.arista.com/topology?topo=eyJpbnN0YW5jZSI6ICJvbWZhdXRvb25zaXRlLTMtMTdkNDQ1OGMiLCAidG9wb2xvZ3kiOiAiZHVhbC1kYXRhY2VudGVyIn0=
4,https://testdrive.arista.com/topology?topo=eyJpbnN0YW5jZSI6ICJvbWZhdXRvb25zaXRlLTQtMTdkNDQ1OGMiLCAidG9wb2xvZ3kiOiAiZHVhbC1kYXRhY2VudGVyIn0=
5,https://testdrive.arista.com/topology?topo=eyJpbnN0YW5jZSI6ICJvbWZhdXRvb25zaXRlLTUtMTdkNDQ1OGMiLCAidG9wb2xvZ3kiOiAiZHVhbC1kYXRhY2VudGVyIn0=
6,https://testdrive.arista.com/topology?topo=eyJpbnN0YW5jZSI6ICJvbWZhdXRvb25zaXRlLTYtMTdkNDQ1OGMiLCAidG9wb2xvZ3kiOiAiZHVhbC1kYXRhY2VudGVyIn0=
7,https://testdrive.arista.com/topology?topo=eyJpbnN0YW5jZSI6ICJvbWZhdXRvb25zaXRlLTctMTdkNDQ1OGMiLCAidG9wb2xvZ3kiOiAiZHVhbC1kYXRhY2VudGVyIn0=
8,https://testdrive.arista.com/topology?topo=eyJpbnN0YW5jZSI6ICJvbWZhdXRvb25zaXRlLTgtMTdkNDQ1OGMiLCAidG9wb2xvZ3kiOiAiZHVhbC1kYXRhY2VudGVyIn0=
9,https://testdrive.arista.com/topology?topo=eyJpbnN0YW5jZSI6ICJvbWZhdXRvb25zaXRlLTktMTdkNDQ1OGMiLCAidG9wb2xvZ3kiOiAiZHVhbC1kYXRhY2VudGVyIn0=
10,https://testdrive.arista.com/topology?topo=eyJpbnN0YW5jZSI6ICJvbWZhdXRvb25zaXRlLTEwLTE3ZDQ0NThjIiwgInRvcG9sb2d5IjogImR1YWwtZGF0YWNlbnRlciJ9
